population,treatment,replicate,tag,date,doy,obs,photo_umol_m2_s,cond_mol_m2_s,ci_umol_mol,trans_mmol_m2_s,vpd_kpa,tleaf_c,tair_c,co2_ref_umol_mol,co2_sample_umol_mol,par_umol_m2_s,press_kpa
CF,Wet,1,CF 2-1,7/26/17,207,1,15.94824143,0.525557272,335.1765996,5.517967576,1.076094847,18.84613037,22.18787193,400.1526184,395.4421997,1501.486938,93.26591492
CF,Wet,1,CF 2-1,7/26/17,207,2,15.85843521,0.525020328,335.405817,5.514606451,1.076428392,18.84656715,22.18502235,400.110199,395.4236145,1501.537109,93.2664566
CF,Wet,1,CF 2-1,7/26/17,207,3,16.0949052,0.525113793,334.5770824,5.517369126,1.076794026,18.85120201,22.18235016,400.122345,395.3743591,1501.511963,93.26651001
CF,Wet,1,CF 2-1,7/26/17,207,4,16.62862178,0.525961734,332.8293621,5.517832511,1.075344544,18.84053421,22.17955399,400.1974487,395.3107605,1501.200439,93.26676178
CF,Wet,1,CF 2-1,7/26/17,207,5,16.85319147,0.524691523,332.0015924,5.510782012,1.076288774,18.8453598,22.17537117,400.3031311,395.3589172,1500.641968,93.26667023
TL,Wet,1,TL 2-1,7/26/17,207,6,17.97148293,0.518219899,326.5650374,5.928018158,1.17051868,19.93061829,23.46697998,400.6370544,394.9534912,1500.57373,93.25649261
TL,Wet,1,TL 2-1,7/26/17,207,7,18.03039721,0.510391435,325.5129475,5.889574957,1.178800801,19.98611641,23.4951973,400.6942749,394.9988403,1500.187988,93.25610352
TL,Wet,1,TL 2-1,7/26/17,207,8,18.1432579,0.512058996,325.3116121,5.901351467,1.177717705,19.98463058,23.4953804,400.7204895,394.9922485,1500.154175,93.25622559
TL,Wet,1,TL 2-1,7/26/17,207,9,18.07359596,0.513507593,325.7365477,5.910142561,1.176504354,19.98059082,23.49600983,400.7248535,395.0150452,1500.124512,93.25671387
TL,Wet,1,TL 2-1,7/26/17,207,10,18.73732128,0.513077918,323.2425202,5.902155448,1.175797625,19.97416687,23.50493431,400.7089233,394.8142395,1499.935913,93.25686646
SG,Wet,1,SG 2-1,7/26/17,207,11,22.82170487,0.518904015,307.4864991,5.577586921,1.099476349,19.89613342,23.40789604,398.6235657,391.625885,1500.840454,93.25762939
SG,Wet,1,SG 2-1,7/26/17,207,12,22.8107034,0.521372167,307.8665866,5.595350895,1.098315871,19.89634895,23.40865707,398.628418,391.6318359,1500.859985,93.25786591
SG,Wet,1,SG 2-1,7/26/17,207,13,22.9172687,0.521091183,307.4434518,5.597393441,1.099237708,19.90406609,23.40928268,398.6347046,391.6084595,1500.863525,93.25765228
SG,Wet,1,SG 2-1,7/26/17,207,14,22.99885404,0.521125759,307.182274,5.599021707,1.099489357,19.90734673,23.41032791,398.6667175,391.6177979,1500.863159,93.25765991
SG,Wet,1,SG 2-1,7/26/17,207,15,23.01260995,0.521462706,307.2067513,5.600290359,1.099109683,19.90483093,23.41092491,398.6936951,391.6412354,1500.880371,93.25797272
CF,Dry,4,CF 1-4,7/26/17,207,16,13.39742876,0.453131782,338.2190957,5.31016415,1.179507392,20.28594589,22.51961899,400.5087891,397.0997009,1500.422607,93.26029205
CF,Dry,4,CF 1-4,7/26/17,207,17,13.48979905,0.453340115,337.8353099,5.311239254,1.179262521,20.28490257,22.51685524,400.4715881,397.0422058,1500.47937,93.26087952
CF,Dry,4,CF 1-4,7/26/17,207,18,13.38638626,0.454778127,338.3825651,5.322980016,1.178476519,20.28549576,22.51398277,400.4514771,397.0438538,1500.507324,93.2609024
CF,Dry,4,CF 1-4,7/26/17,207,19,13.43004406,0.453569469,338.0261367,5.314501958,1.179443874,20.2886219,22.50957489,400.3987732,396.9823914,1500.632202,93.26100159
CF,Dry,4,CF 1-4,7/26/17,207,20,13.33500117,0.452344201,338.2586102,5.304301163,1.180069609,20.28820801,22.50574875,400.3791199,396.9846802,1500.706299,93.26056671
TL,Dry,3,TL 1-3,7/26/17,207,21,19.25389629,0.551795408,326.3789372,6.138788693,1.143085295,20.42602158,23.498909,400.4353638,395.2354431,1500.63501,93.26130676
TL,Dry,3,TL 1-3,7/26/17,207,22,19.25366123,0.55309638,326.5406281,6.14412984,1.141690174,20.41822815,23.4986248,400.4584351,395.2579346,1500.688354,93.26106262
TL,Dry,3,TL 1-3,7/26/17,207,23,19.18842457,0.553476954,326.8082102,6.142176177,1.140632216,20.40835953,23.49930573,400.4594727,395.2746887,1500.761353,93.26060486
TL,Dry,3,TL 1-3,7/26/17,207,24,19.09670666,0.553483767,327.1137942,6.147724899,1.141643926,20.41732216,23.50048637,400.4588013,395.2957764,1500.904419,93.26060486
TL,Dry,3,TL 1-3,7/26/17,207,25,19.04765581,0.55346583,327.3001407,6.145279591,1.141227087,20.41270256,23.50124741,400.477417,395.3265381,1500.966675,93.26066589
SG,Dry,4,SG 1-4,7/26/17,207,26,20.13470633,0.346644834,286.4005602,4.268631423,1.217120172,20.3967495,21.72125244,400.3883972,392.9776001,1500.126099,93.26604462
SG,Dry,4,SG 1-4,7/26/17,207,27,20.11502366,0.346226856,286.36978,4.266277202,1.217800392,20.39988327,21.72498322,400.3691406,392.96539309999997,1500.358154,93.26586914
SG,Dry,4,SG 1-4,7/26/17,207,28,20.19172135,0.346515068,286.1123051,4.266757045,1.217002503,20.39401627,21.7259407,400.4324646,393.0023499,1500.269897,93.26556396
SG,Dry,4,SG 1-4,7/26/17,207,29,20.13343363,0.346396045,286.42829390000003,4.264321449,1.216695267,20.39041138,21.72509766,400.4744873,393.0645752,1500.362793,93.26541901
SG,Dry,4,SG 1-4,7/26/17,207,30,20.34202141,0.347385283,285.6856822,4.273612378,1.216136563,20.3914814,21.71902847,400.5556946,393.0737915,1500.387817,93.26540375
CF,Deep,5,CF 3-5,7/26/17,207,32,10.67771339,0.294875733,327.4044958,3.987389047,1.317776768,20.47741127,23.7475338,399.8474121,396.9067078,1499.001465,93.26838684
CF,Deep,5,CF 3-5,7/26/17,207,33,10.55294154,0.296052026,328.3343433,4.000598873,1.317216379,20.47940063,23.75614929,399.8123779,396.9003906,1498.969116,93.26846313
CF,Deep,5,CF 3-5,7/26/17,207,34,10.48426217,0.296396446,328.7894743,4.00757518,1.318061166,20.48792648,23.76041222,399.8041992,396.9079895,1498.995972,93.26796722
CF,Deep,5,CF 3-5,7/26/17,207,35,10.30932898,0.296938106,329.9227047,4.015926308,1.318542096,20.49561882,23.76502609,399.8130493,396.9580383,1499.038208,93.268013
CF,Deep,5,CF 3-5,7/26/17,207,36,10.27622476,0.293911753,329.5873754,4.003977181,1.327236963,20.55144501,23.77080154,399.9034119,397.0575867,1499.059937,93.26735687
TL,Deep,2,TL 3-2,7/26/17,207,37,17.97540705,0.412202557,313.1100527,4.50308039,1.092236645,19.51372528,18.69861984,399.8314514,395.0933228,1500.171631,93.27476501
TL,Deep,2,TL 3-2,7/26/17,207,38,17.73368849,0.414434617,314.5071036,4.509410629,1.088405134,19.48904419,18.69186592,399.7768555,395.0961914,1500.145386,93.27513885
TL,Deep,2,TL 3-2,7/26/17,207,39,17.85478171,0.417762465,314.550517,4.517152053,1.082362419,19.44646645,18.68532562,399.7679749,395.0574646,1500.053955,93.27500916
TL,Deep,2,TL 3-2,7/26/17,207,40,18.02753783,0.423350444,314.7256583,4.529853324,1.072369458,19.37499619,18.68024254,399.7272949,394.9743042,1500.006348,93.27523041
TL,Deep,2,TL 3-2,7/26/17,207,41,18.11616942,0.426787637,314.9048683,4.540588889,1.067034528,19.33794212,18.68366051,399.7072754,394.9321289,1499.997925,93.27507782
SG,Deep,2,SG 3-2,7/26/17,207,43,16.7870489,0.594638314,338.7317787,6.429306378,1.118850771,20.06509972,23.25676918,399.9090576,396.0450439,1567.001221,93.27770996
SG,Deep,2,SG 3-2,7/26/17,207,44,16.54121706,0.593517128,339.4236102,6.425858824,1.120105282,20.07227325,23.26807785,399.9152222,396.1005859,1566.962891,93.27727509
SG,Deep,2,SG 3-2,7/26/17,207,45,16.31582228,0.592204094,340.0376472,6.429762165,1.122960566,20.09466934,23.28315735,399.9311523,396.1613464,1566.901978,93.27703094
SG,Deep,2,SG 3-2,7/26/17,207,46,16.31582228,0.592204094,340.0376472,6.429762165,1.122960566,20.09466934,23.28315735,399.9311523,396.1613464,1566.901978,93.27703094
SG,Deep,2,SG 3-2,7/26/17,207,47,16.34750523,0.590618869,339.8536121,6.430655158,1.125759041,20.13692665,23.31212616,399.9842529,396.2078552,1548.604126,93.27666473
CF,Wet,6,CF 2-6,7/26/17,207,48,15.0884689,0.402810401,322.8632306,4.917500638,1.218125009,20.27668571,23.80011749,399.464447,395.0388489,1499.60083,93.2817688
CF,Wet,6,CF 2-6,7/26/17,207,49,15.16195521,0.40277068,322.5077753,4.914609338,1.217530224,20.27073479,23.81278038,399.4404907,394.9960938,1499.605103,93.28239441
CF,Wet,6,CF 2-6,7/26/17,207,50,15.26720186,0.403235246,322.1027611,4.918629855,1.217241174,20.26992035,23.82540131,399.437439,394.9654846,1499.663818,93.28250122
CF,Wet,6,CF 2-6,7/26/17,207,51,15.45175329,0.403968265,321.4108795,4.937782595,1.219940634,20.295871730000002,23.84948158,399.4829102,394.9612122,1499.692017,93.28348541
CF,Wet,6,CF 2-6,7/26/17,207,52,15.45175329,0.403968265,321.4108795,4.937782595,1.219940634,20.295871730000002,23.84948158,399.4829102,394.9612122,1499.692017,93.28348541
TL,Wet,2,TL 2-2,7/26/17,207,53,18.38686849,0.358533345,300.5720628,4.042578003,1.11604786,19.52030182,20.59200287,400.6917725,395.1003723,1500.802246,93.28031158
TL,Wet,2,TL 2-2,7/26/17,207,54,18.35433216,0.360124854,301.1141924,4.055098188,1.11493943,19.51898766,20.59300995,400.7070923,395.1235657,1500.8302,93.28074646
TL,Wet,2,TL 2-2,7/26/17,207,55,18.36235628,0.359989597,301.086412,4.053513323,1.114892263,19.51804352,20.59515572,400.7501831,395.1644592,1500.835693,93.28088379
TL,Wet,2,TL 2-2,7/26/17,207,56,18.31876085,0.359347592,301.1921241,4.046258514,1.11473579,19.5130825,20.59611511,400.7817688,395.2088318,1500.825806,93.28079987
TL,Wet,2,TL 2-2,7/26/17,207,57,18.37660354,0.359727949,301.0220351,4.048466032,1.114257657,19.51108742,20.59711647,400.8130798,395.2234192,1500.848755,93.28096771
SG,Wet,3,SG 2-3,7/26/17,207,58,19.33032265,0.851569812,346.1852923,8.398610757,1.073899751,21.16084862,23.99928474,400.691803,395.2596741,1500.691772,93.28245544
SG,Wet,3,SG 2-3,7/26/17,207,59,19.28473148,0.853193336,346.349291,8.398975478,1.072240057,21.14967728,23.97298431,400.6667786,395.245575,1500.711304,93.28220367
SG,Wet,3,SG 2-3,7/26/17,207,60,19.17552198,0.852396066,346.5473972,8.370631977,1.069489347,21.11942101,23.91662788,400.6149597,395.2230225,1500.774536,93.28257751
SG,Wet,3,SG 2-3,7/26/17,207,61,19.17552198,0.852396066,346.5473972,8.370631977,1.069489347,21.11942101,23.91662788,400.6149597,395.2230225,1500.774536,93.28257751
SG,Wet,3,SG 2-3,7/26/17,207,62,19.38779853,0.862249874,346.4819459,8.316754415,1.05252816,20.97859001,23.75165939,400.5314636,395.0938721,1500.84082,93.28240204
CF,Dry,5,CF 1-5,7/26/17,207,63,17.96606708,0.760410184,346.4304117,7.465286573,1.048575481,20.42547607,22.71609688,400.5179749,396.3359985,1501.096924,93.27970123
CF,Dry,5,CF 1-5,7/26/17,207,64,17.76691071,0.759607707,346.9209356,7.458862915,1.048623527,20.42334175,22.71543121,400.5338745,396.3920898,1500.691895,93.27983093
CF,Dry,5,CF 1-5,7/26/17,207,65,17.76691071,0.759607707,346.9209356,7.458862915,1.048623527,20.42334175,22.71543121,400.5338745,396.3920898,1500.691895,93.27983093
CF,Dry,5,CF 1-5,7/26/17,207,66,17.80251005,0.754848431,346.5461427,7.431284724,1.050386172,20.42405319,22.71555328,400.4945374,396.3476868,1500.072632,93.28005219
CF,Dry,5,CF 1-5,7/26/17,207,67,17.80251005,0.754848431,346.5461427,7.431284724,1.050386172,20.42405319,22.71555328,400.4945374,396.3476868,1500.072632,93.28005219
TL,Dry,4,TL 1-4,7/26/17,207,68,9.155632073,0.388083228,351.2333089,3.938874126,1.009314194,18.66443634,20.07428741,400.6662292,398.3085632,1500.411865,93.27220154
TL,Dry,4,TL 1-4,7/26/17,207,69,9.155632073,0.388083228,351.2333089,3.938874126,1.009314194,18.66443634,20.07428741,400.6662292,398.3085632,1500.411865,93.27220154
TL,Dry,4,TL 1-4,7/26/17,207,70,9.62019726,0.387198273,349.0163745,3.938860635,1.011427527,18.67674065,20.13150597,400.6927185,398.2331238,1500.516968,93.27277374
TL,Dry,4,TL 1-4,7/26/17,207,71,9.62019726,0.387198273,349.0163745,3.938860635,1.011427527,18.67674065,20.13150597,400.6927185,398.2331238,1500.516968,93.27277374
TL,Dry,4,TL 1-4,7/26/17,207,72,8.422245288,0.399504398,355.6271158,4.082809898,1.018599166,18.75736809,20.62795639,400.7709961,398.5617981,1500.276001,93.27319336
SG,Dry,5,SG 1-5,7/26/17,207,74,20.17658613,0.458856701,311.4205626,5.101972674,1.122342008,20.03956985,23.23570633,400.6456299,394.8797607,1500.891113,93.27953339
SG,Dry,5,SG 1-5,7/26/17,207,75,20.17658613,0.458856701,311.4205626,5.101972674,1.122342008,20.03956985,23.23570633,400.6456299,394.8797607,1500.891113,93.27953339
SG,Dry,5,SG 1-5,7/26/17,207,76,19.83429104,0.45637604,312.3601292,5.090559661,1.125341716,20.05574608,23.23626137,400.5992432,394.9237671,1500.641846,93.28048706
SG,Dry,5,SG 1-5,7/26/17,207,77,19.83429104,0.45637604,312.3601292,5.090559661,1.125341716,20.05574608,23.23626137,400.5992432,394.9237671,1500.641846,93.28048706
SG,Dry,5,SG 1-5,7/26/17,207,78,19.69387106,0.454230079,312.5543863,5.094400267,1.130985239,20.09775925,23.24064636,400.5847778,394.9454651,1500.705444,93.28108215
CF,Deep,5,CF 3-5,7/26/17,207,79,14.4452207,0.313025712,310.423551,3.701708351,1.157727794,19.84073067,23.37659645,399.9641724,395.8300476,1499.271729,93.2859726
CF,Deep,5,CF 3-5,7/26/17,207,80,14.46145836,0.313524418,310.4191183,3.707172592,1.157716272,19.84245682,23.388237,399.9343872,395.7955017,1499.228149,93.28621674
CF,Deep,5,CF 3-5,7/26/17,207,81,14.44329078,0.314596902,310.7773449,3.717277427,1.1571743,19.84209442,23.40599442,399.9394531,395.8042603,1499.167236,93.28594971
CF,Deep,5,CF 3-5,7/26/17,207,82,14.5686052,0.314140553,309.9590472,3.721610993,1.160073296,19.86509514,23.41708565,399.9472656,395.7793274,1499.174927,93.28596497
CF,Deep,5,CF 3-5,7/26/17,207,83,14.5686052,0.314140553,309.9590472,3.721610993,1.160073296,19.86509514,23.41708565,399.9472656,395.7793274,1499.174927,93.28596497
TL,Deep,3,TL 3-3,7/26/17,207,84,18.30719187,0.370124858,302.9704716,4.373259312,1.170394093,20.82912254,21.906139370000002,400.5245361,394.9188538,1500.105103,93.27815247
TL,Deep,3,TL 3-3,7/26/17,207,85,18.07714182,0.369009369,303.7866513,4.352814127,1.168191294,20.80755234,21.86771202,400.4387817,394.8995667,1500.051025,93.27843475
TL,Deep,3,TL 3-3,7/26/17,207,86,18.07714182,0.369009369,303.7866513,4.352814127,1.168191294,20.80755234,21.86771202,400.4387817,394.8995667,1500.051025,93.27843475
TL,Deep,3,TL 3-3,7/26/17,207,87,17.71708534,0.367989593,305.2428451,4.330553724,1.165219333,20.780159,21.8134594,400.3270569,394.8913269,1499.992676,93.27894592
TL,Deep,3,TL 3-3,7/26/17,207,88,17.10264483,0.366487363,307.7091452,4.288402137,1.158294125,20.72207642,21.67540741,400.039093,394.7800293,1499.915283,93.27873993
SG,Deep,3,SG 3-3,7/26/17,207,89,15.39660899,0.313030334,304.6033347,4.039838656,1.262550275,21.08080292,23.3266964,400.5525818,395.7972412,1500.10144,93.27326202
SG,Deep,3,SG 3-3,7/26/17,207,90,15.38384333,0.313741509,304.8409164,4.043995823,1.261184647,21.07352638,23.32088852,400.5332947,395.78125,1500.109497,93.27321625
SG,Deep,3,SG 3-3,7/26/17,207,91,15.30489474,0.312284094,304.910458,4.031218563,1.262672529,21.07555008,23.31035614,400.5263672,395.7980347,1500.091064,93.27314758
SG,Deep,3,SG 3-3,7/26/17,207,92,15.35762058,0.312887889,304.8155697,4.038271791,1.26260325,21.07730865,23.30678177,400.5808411,395.836792,1500.060181,93.27300262
SG,Deep,3,SG 3-3,7/26/17,207,93,15.4392809,0.313331331,304.5394271,4.037378115,1.260681403,21.06250191,23.30331802,400.6443176,395.8775635,1500.043091,93.27359009
CF,Wet,3,CF 2-3,7/26/17,207,94,15.34941892,0.389811203,322.0379213,4.199444845,1.069577565,20.59392738,22.21299744,400.4996948,396.4187927,1501.130615,93.27127838
CF,Wet,3,CF 2-3,7/26/17,207,95,15.34941892,0.389811203,322.0379213,4.199444845,1.069577565,20.59392738,22.21299744,400.4996948,396.4187927,1501.130615,93.27127838
CF,Wet,3,CF 2-3,7/26/17,207,96,15.74108501,0.388442334,320.0670176,4.191014901,1.070883082,20.60017586,22.20931816,400.5675659,396.3935852,1501.154419,93.27135468
CF,Wet,3,CF 2-3,7/26/17,207,97,15.74108501,0.388442334,320.0670176,4.191014901,1.070883082,20.60017586,22.20931816,400.5675659,396.3935852,1501.154419,93.27135468
CF,Wet,3,CF 2-3,7/26/17,207,98,15.46802321,0.389132334,321.3864858,4.193784709,1.069852735,20.59394264,22.20617485,400.5056763,396.3970032,1501.131348,93.2716217
TL,Wet,3,TL 2-3,7/26/17,207,101,19.92610805,0.592613765,328.2245962,5.500276452,0.961964133,20.80517197,21.67402077,400.4339905,394.2510986,1500.66272,93.27082062
TL,Wet,3,TL 2-3,7/26/17,207,102,19.92610805,0.592613765,328.2245962,5.500276452,0.961964133,20.80517197,21.67402077,400.4339905,394.2510986,1500.66272,93.27082062
TL,Wet,3,TL 2-3,7/26/17,207,103,19.76016766,0.595715963,329.1365103,5.496426791,0.95691342,20.76778984,21.6686554,400.4975891,394.3615112,1500.654175,93.27121735
TL,Wet,3,TL 2-3,7/26/17,207,104,19.58906441,0.594539724,329.4813454,5.464715084,0.953066734,20.72704124,21.65135765,400.3596497,394.2755127,1500.880493,93.2705307
TL,Wet,3,TL 2-3,7/26/17,207,105,19.62230074,0.59433485,329.3346868,5.459235108,0.95240347,20.7205677,21.64790344,400.3342896,394.2413025,1500.866943,93.27052307
SG,Wet,5,SG 2-5,7/26/17,207,106,23.44759996,0.593252092,317.0977399,5.49712072,0.959547035,20.64062881,22.83826447,400.1425476,393.4879761,1500.721802,93.27042389
SG,Wet,5,SG 2-5,7/26/17,207,107,23.44759996,0.593252092,317.0977399,5.49712072,0.959547035,20.64062881,22.83826447,400.1425476,393.4879761,1500.721802,93.27042389
SG,Wet,5,SG 2-5,7/26/17,207,108,23.26727069,0.591782432,317.4160855,5.476327563,0.958018983,20.61792564,22.82970047,400.0177917,393.4126587,1500.761841,93.26977539
SG,Wet,5,SG 2-5,7/26/17,207,109,23.26727069,0.591782432,317.4160855,5.476327563,0.958018983,20.61792564,22.82970047,400.0177917,393.4126587,1500.761841,93.26977539
SG,Wet,5,SG 2-5,7/26/17,207,110,22.94788225,0.589540103,318.1138955,5.462256777,0.958767436,20.61577034,22.82735062,399.9150085,393.3942871,1500.778442,93.27025604
CF,Dry,6,CF 1-6,7/26/17,207,112,20.95481824,0.531588521,319.5118543,5.26026016,1.009676503,21.08249092,22.21070862,400.2683411,395.2039185,1500.620483,93.26596069
CF,Dry,6,CF 1-6,7/26/17,207,113,20.95481824,0.531588521,319.5118543,5.26026016,1.009676503,21.08249092,22.21070862,400.2683411,395.2039185,1500.620483,93.26596069
CF,Dry,6,CF 1-6,7/26/17,207,114,20.75454122,0.530439874,320.0176714,5.253007024,1.010231051,21.08356285,22.20438957,400.2083435,395.1890564,1500.641235,93.26560974
CF,Dry,6,CF 1-6,7/26/17,207,115,20.75454122,0.530439874,320.0176714,5.253007024,1.010231051,21.08356285,22.20438957,400.2083435,395.1890564,1500.641235,93.26560974
CF,Dry,6,CF 1-6,7/26/17,207,116,21.16126716,0.52958312,318.525422,5.243936202,1.00994625,21.0779686,22.19609642,400.2438965,395.1358337,1500.734131,93.26535034
TL,Dry,5,TL 1-5,7/26/17,207,117,20.31100239,0.597013251,326.5972088,5.532039794,0.960150049,21.52339363,21.39204788,399.6455078,393.353241,1502.38147,93.26557922
TL,Dry,5,TL 1-5,7/26/17,207,118,20.15410007,0.596442869,327.0736698,5.52289577,0.959374434,21.51430321,21.38600922,399.6589966,393.411377,1501.805176,93.26539612
TL,Dry,5,TL 1-5,7/26/17,207,119,20.48987638,0.596496089,326.0845876,5.514020234,0.957766417,21.50033188,21.3696537,399.7460938,393.4050293,1500.928467,93.26511383
TL,Dry,5,TL 1-5,7/26/17,207,120,20.41716853,0.595519326,326.2466485,5.49302315,0.955512808,21.47656059,21.35669518,399.7453918,393.4266968,1499.971069,93.26509857
TL,Dry,5,TL 1-5,7/26/17,207,121,20.41100307,0.59542713,326.258885,5.489484333,0.955032101,21.47201538,21.3526535,399.7426147,393.4260254,1499.945557,93.26525879
SG,Dry,6,SG 1-6,7/26/17,207,122,19.32539768,0.481736868,317.0026331,5.05490522,1.061750555,21.73781013,23.08860016,399.735321,393.7705994,1501.453979,93.26583099
SG,Dry,6,SG 1-6,7/26/17,207,123,19.31096993,0.484245851,317.4268633,5.070594845,1.06007915,21.73354912,23.08746338,399.766449,393.8035278,1501.478027,93.26553345
SG,Dry,6,SG 1-6,7/26/17,207,124,19.26202613,0.485404087,317.7819069,5.076513305,1.059047026,21.72937012,23.08723831,399.7762756,393.8265076,1501.462036,93.26602173
SG,Dry,6,SG 1-6,7/26/17,207,125,19.20124267,0.486073109,318.0990433,5.07944783,1.058346544,21.72572136,23.08613777,399.7686768,393.8356934,1501.445435,93.26567078
SG,Dry,6,SG 1-6,7/26/17,207,126,19.10790876,0.485291141,318.3219513,5.073844981,1.058709169,21.72502136,23.0857029,399.7341003,393.8278503,1501.460571,93.26541138
SG,Deep,6,SG 3-6,7/26/17,207,127,15.26611723,0.215403675,268.9104696,2.866470955,1.273666131,21.32429504,24.02150726,399.4099121,394.4941406,1499.828003,93.26010895
SG,Deep,6,SG 3-6,7/26/17,207,128,15.5010077,0.215297547,267.0063851,2.869501284,1.27560585,21.33610344,24.02440453,399.4420776,394.4554749,1499.796631,93.26040649
SG,Deep,6,SG 3-6,7/26/17,207,129,15.56020024,0.214308808,266.0075647,2.862276716,1.277980969,21.34607315,24.02673531,399.4553833,394.4515381,1499.773926,93.26073456
SG,Deep,6,SG 3-6,7/26/17,207,130,15.26490946,0.212404285,267.2736519,2.84453688,1.280896708,21.35335159,24.0290966,399.3867798,394.4732361,1499.792847,93.26030731
SG,Deep,6,SG 3-6,7/26/17,207,131,15.07662318,0.213041606,269.1117011,2.848576282,1.279069655,21.3424015,24.03051758,399.3612061,394.5037842,1499.787354,93.26021576
TL,Deep,6,TL 3-6,7/26/17,207,132,12.68305818,0.281609761,313.0475012,3.6830123,1.268001928,21.86120987,24.266325,400.5539246,396.87835690000003,1498.687256,93.26037598
TL,Deep,6,TL 3-6,7/26/17,207,133,12.75074843,0.282337625,312.8522314,3.688244544,1.266726679,21.85746002,24.26717567,400.5855103,396.8918762,1498.68396,93.26020813
TL,Deep,6,TL 3-6,7/26/17,207,134,12.88730798,0.281674098,311.8701241,3.680484704,1.26685326,21.8589325,24.26918411,400.616333,396.8881836,1498.563721,93.26029205
TL,Deep,6,TL 3-6,7/26/17,207,135,12.87790415,0.282854646,312.2374629,3.69472464,1.266759994,21.8670063,24.27022171,400.6244202,396.8972168,1498.552002,93.26044464
TL,Deep,6,TL 3-6,7/26/17,207,136,12.83431857,0.283742043,312.7405174,3.701615852,1.265393188,21.86561775,24.2714119,400.626709,396.9101868,1498.481689,93.2605896
CF,Deep,6,CF 3-6,7/26/17,207,138,10.81096033,0.280901016,326.9448539,2.594613232,0.895928612,19.46479034,17.56233788,399.7954712,397.4284058,1498.769043,93.26498413
CF,Deep,6,CF 3-6,7/26/17,207,139,10.59705451,0.282021539,328.4833694,2.60257367,0.895316448,19.46224213,17.56199074,399.7770996,397.4521484,1498.755005,93.26470184
CF,Deep,6,CF 3-6,7/26/17,207,140,10.64667696,0.294322633,330.6687867,2.690942891,0.889320542,19.4490757,17.55581856,399.7279358,397.3860474,1498.727905,93.26457977
CF,Deep,6,CF 3-6,7/26/17,207,141,10.97954054,0.304100521,330.7380713,2.760786286,0.884882355,19.44104385,17.54792023,399.8311462,397.4173279,1498.678467,93.26522827
CF,Deep,6,CF 3-6,7/26/17,207,142,11.20741288,0.308569865,330.3598776,2.792609525,0.882940063,19.4366169,17.54269791,399.8989563,397.4371033,1498.709961,93.26480865
SG,Dry,6,SG 1-6,7/31/17,212,1,16.92922581,0.326246863,292.3213428,6.822012596,2.069622314,20.03293037,22.69057655,400.2633972,392.8989563,1501.332886,93.32958221
SG,Dry,6,SG 1-6,7/31/17,212,2,16.83424669,0.32627354,292.8670095,6.828902122,2.071523642,20.04900742,22.71434402,400.2945251,392.964325,1501.393677,93.32933807
SG,Dry,6,SG 1-6,7/31/17,212,3,16.9568234,0.325787339,292.0218573,6.827362008,2.073891022,20.06392097,22.73810959,400.2565308,392.8809204,1501.382324,93.32871246
SG,Dry,6,SG 1-6,7/31/17,212,4,16.50563586,0.32537723,294.3732471,6.826777597,2.076112575,20.07853508,22.76141548,400.2399292,393.0341797,1501.354248,93.32842255
SG,Dry,6,SG 1-6,7/31/17,212,5,16.29211243,0.324527309,295.3081328,6.818932585,2.078743835,20.09154892,22.78509331,400.2198181,393.0953064,1501.364868,93.32794952
TL,Dry,5,TL 1-5,7/31/17,212,11,24.23850423,0.42393184,280.4489985,8.381672585,1.994943145,20.34827805,19.98641586,399.9015198,390.9465027,1499.77771,93.31809235
TL,Dry,5,TL 1-5,7/31/17,212,12,24.37091801,0.422607159,279.6412915,8.366076031,1.996904626,20.35326195,20.00160217,399.9629822,390.9663086,1499.824463,93.31767273
TL,Dry,5,TL 1-5,7/31/17,212,13,24.32045366,0.422427462,279.866681,8.365844299,1.997623165,20.35691452,20.0146122,400.013855,391.0333557,1499.82251,93.31787872
TL,Dry,5,TL 1-5,7/31/17,212,14,23.88653928,0.418479887,280.7956842,8.312809858,2.002053897,20.36174583,20.04080963,399.9128723,391.0811157,1499.723022,93.31922913
TL,Dry,5,TL 1-5,7/31/17,212,15,23.36361562,0.417734898,282.8035598,8.288226113,1.999490651,20.32652283,20.03251648,399.7647705,391.1063843,1499.874146,93.3218689
CF,Dry,6,CF 1-6,7/31/17,212,16,14.60199594,0.396412194,318.2884835,8.66372376,2.188847128,21.54383659,22.91909981,400.5570679,395.1420898,1500.199707,93.30962372
CF,Dry,6,CF 1-6,7/31/17,212,17,14.70283354,0.396334097,317.93561,8.661702849,2.188731923,21.54218292,22.91784477,400.6787415,395.2333374,1500.200684,93.30950928
CF,Dry,6,CF 1-6,7/31/17,212,18,14.86572087,0.396122661,317.266788,8.656529207,2.188454098,21.53858185,22.91469765,400.7854919,395.2913818,1500.30835,93.30758667
CF,Dry,6,CF 1-6,7/31/17,212,19,14.85579172,0.39597549,317.3496882,8.652283303,2.188095744,21.53380013,22.91319656,400.8447571,395.3542175,1500.377441,93.30597687
CF,Dry,6,CF 1-6,7/31/17,212,20,14.87697851,0.396283792,317.2751416,8.652847969,2.186656416,21.52347946,22.90985107,400.8109436,395.3140564,1500.508667,93.30443573
SG,Wet,5,SG 2-5,7/31/17,212,21,14.71512845,0.186221096,250.5882687,4.384586439,2.257935561,19.91069794,20.3391571,399.0655212,394.1256104,1499.86499,93.30808258
SG,Wet,5,SG 2-5,7/31/17,212,22,14.9739392,0.186579062,248.4942163,4.391540435,2.257363072,19.910266879999998,20.33936691,399.0605774,394.0421753,1499.835815,93.30843353
SG,Wet,5,SG 2-5,7/31/17,212,23,14.1546283,0.185551394,255.0221213,4.372928789,2.259759089,19.91757202,20.33865547,398.8765259,394.1066589,1499.838623,93.30967712
SG,Wet,5,SG 2-5,7/31/17,212,24,15.18983384,0.186183861,246.2789273,4.386657373,2.259417083,19.92227364,20.33890343,399.0718079,393.9886169,1499.655273,93.30802155
SG,Wet,5,SG 2-5,7/31/17,212,25,14.79929138,0.185345117,249.2240831,4.369711918,2.26046218,19.92003441,20.33935738,399.0625,394.0987549,1499.698242,93.30787659
TL,Wet,3,TL 2-3,7/31/17,212,26,16.93491429,0.389679204,307.1344451,7.714360541,1.981623013,19.56654739,20.06995773,399.2578125,393.7571716,1500.858154,93.30802155
TL,Wet,3,TL 2-3,7/31/17,212,27,17.14587673,0.38982863,306.2014311,7.71659792,1.981493916,19.5669899,20.06951523,399.2692566,393.7102356,1500.857422,93.30782318
TL,Wet,3,TL 2-3,7/31/17,212,28,16.90842474,0.388603442,307.1242963,7.696050475,1.981981547,19.55910873,20.06868935,399.3171692,393.8257141,1500.881226,93.30889893
TL,Wet,3,TL 2-3,7/31/17,212,29,16.40603896,0.387617038,309.1749901,7.682543072,1.983146334,19.56070518,20.0688858,399.221283,393.8695679,1500.88147,93.30953979
TL,Wet,3,TL 2-3,7/31/17,212,30,15.82387144,0.38522765,311.3731369,7.655920094,1.98760859,19.57899666,20.07785988,399.1467285,393.9587097,1500.730713,93.31317902
CF,Wet,3,CF 2-3,7/31/17,212,31,10.86186865,0.252242843,309.3146981,6.123664013,2.358132384,21.31168556,22.24753189,399.5380249,395.8792114,1500.778442,93.31433868
CF,Wet,3,CF 2-3,7/31/17,212,32,10.86186865,0.252242843,309.3146981,6.123664013,2.358132384,21.31168556,22.24753189,399.5380249,395.8792114,1500.778442,93.31433868
CF,Wet,3,CF 2-3,7/31/17,212,33,10.86703168,0.252301197,309.3034869,6.124592133,2.357975958,21.31091118,22.24572945,399.5457153,395.8852844,1500.757935,93.31433868
CF,Wet,3,CF 2-3,7/31/17,212,34,11.25190858,0.252856845,306.9349048,6.130787619,2.355462508,21.29694557,22.24021721,399.6207581,395.8536072,1500.748901,93.31371307
CF,Wet,3,CF 2-3,7/31/17,212,35,11.41386039,0.252964706,305.89902,6.130750577,2.354512615,21.29039955,22.23880196,399.6454773,395.8337402,1500.681396,93.31381989
CF,Deep,6,CF 3-6,7/31/17,212,36,7.891084555,0.27107848,332.2352665,7.08639225,2.546588542,22.8264637,26.41144753,400.5076904,397.2908936,1498.94812,93.30394745
CF,Deep,6,CF 3-6,7/31/17,212,37,7.880282631,0.268445369,331.8193397,7.037106996,2.55220713,22.83579254,26.43021965,400.4995117,397.2919312,1498.95166,93.3035965
CF,Deep,6,CF 3-6,7/31/17,212,38,8.163487652,0.267479938,329.8756585,7.022101095,2.555423716,22.84617615,26.44029808,400.5673218,397.2764893,1498.917114,93.30413818
CF,Deep,6,CF 3-6,7/31/17,212,39,8.131367347,0.265681157,329.7908421,7.002645556,2.564527442,22.89103317,26.45337677,400.6569214,397.3779602,1498.911011,93.3044281
CF,Deep,6,CF 3-6,7/31/17,212,40,7.873901292,0.262562136,330.9451744,6.970795062,2.581326383,22.98147774,26.45313454,400.802887,397.6046753,1498.79248,93.30618286
TL,Deep,6,TL 3-6,7/31/17,212,46,12.74293782,0.180956886,266.6758339,4.132515094,2.189537915,19.51376343,18.91857719,400.9117737,395.8719788,1500.424194,93.30406189
TL,Deep,6,TL 3-6,7/31/17,212,47,12.73478114,0.180794124,266.6527789,4.129142478,2.189641539,19.51251984,18.91756821,400.9124451,395.8759155,1500.397095,93.30395508
TL,Deep,6,TL 3-6,7/31/17,212,48,12.17814335,0.179454166,270.8842776,4.102388904,2.191072035,19.50652885,18.91304398,400.738678,395.9008179,1500.477417,93.30444336
TL,Deep,6,TL 3-6,7/31/17,212,49,11.9440496,0.178433545,272.4186509,4.081835265,2.192090606,19.50287437,18.91088104,400.6722412,395.9194031,1500.409302,93.30512238
TL,Deep,6,TL 3-6,7/31/17,212,50,11.98635754,0.175475049,270.2657513,4.023546164,2.195787574,19.495924,18.90272903,400.7135315,395.9535522,1500.435669,93.30489349
SG,Deep,6,SG 3-6,7/31/17,212,51,11.01489452,0.258630675,310.5641298,6.293632957,2.36778723,21.5125618,24.07799149,400.9812622,396.5832825,1500.93103,93.29737854
SG,Deep,6,SG 3-6,7/31/17,212,52,10.9347855,0.25803667,310.9370972,6.284453253,2.369462349,21.51874542,24.08118248,400.9810486,396.61026,1500.939331,93.2974472
SG,Deep,6,SG 3-6,7/31/17,212,53,11.07915252,0.256655063,309.6391771,6.264093937,2.373753554,21.53631592,24.08733177,401.0378723,396.6228638,1500.966187,93.29724884
SG,Deep,6,SG 3-6,7/31/17,212,54,11.18484878,0.25599153,308.763096,6.252140238,2.375022365,21.53874016,24.09003258,401.0569153,396.6090393,1500.978394,93.29741669
SG,Deep,6,SG 3-6,7/31/17,212,55,10.40926038,0.246903222,311.3295027,6.10757718,2.400618243,21.63079262,24.12896729,400.8748779,396.6980591,1500.822998,93.29786682
CF,Wet,6,CF 2-6,7/31/17,212,61,18.3834363,0.369401771,296.7433147,7.845614034,2.115398762,20.42667007,22.68992996,400.4616089,394.5466309,1500.504639,93.30015564
CF,Wet,6,CF 2-6,7/31/17,212,62,18.4361516,0.368712139,296.3753768,7.834050012,2.115926491,20.4242382,22.69120598,400.4979248,394.5695801,1500.487671,93.29989624
CF,Wet,6,CF 2-6,7/31/17,212,63,18.81071525,0.366657368,294.1804529,7.801897197,2.118152064,20.42357826,22.68664551,400.5732422,394.5452576,1500.408325,93.29994202
CF,Wet,6,CF 2-6,7/31/17,212,64,18.99615911,0.365713041,293.1066849,7.787776643,2.119364365,20.42391586,22.69281006,400.6166992,394.5391541,1500.449463,93.30003357
CF,Wet,6,CF 2-6,7/31/17,212,65,18.90431776,0.363918562,293.1606808,7.759656408,2.121316301,20.4256649,22.67333412,400.6346741,394.5852966,1500.373047,93.29927826
TL,Wet,2,TL 2-2,7/31/17,212,66,13.07506325,0.219727964,281.6559017,5.272375932,2.318215981,21.0456562,20.9072361,400.2324524,394.5413513,1501.096558,93.30197144
TL,Wet,2,TL 2-2,7/31/17,212,67,13.06679144,0.219761605,281.7609957,5.265547685,2.314919408,21.02006149,20.88731766,400.2389526,394.5518188,1501.056641,93.30179596
TL,Wet,2,TL 2-2,7/31/17,212,68,13.18828714,0.219561698,280.8000786,5.25616324,2.312837484,21.00139809,20.86833,400.3013611,394.5701294,1501.005859,93.30207062
TL,Wet,2,TL 2-2,7/31/17,212,69,13.34149013,0.21912415700000001,279.4811324,5.238930783,2.309674098,20.97190285,20.82865524,400.351593,394.5652466,1501.079956,93.3013916
TL,Wet,2,TL 2-2,7/31/17,212,70,13.38884157,0.218692173,278.9996156,5.218937277,2.3052699,20.93291092,20.78160667,400.403656,394.6027527,1501.099487,93.30187225
SG,Wet,3,SG 2-3,7/31/17,212,71,19.70568324,0.554505363,319.1601531,10.01278279,1.869605566,19.99597168,21.38886452,400.5784912,393.4747009,1501.107788,93.29537201
SG,Wet,3,SG 2-3,7/31/17,212,72,19.74702345,0.554161587,318.9805621,10.00712542,1.869583615,19.99324989,21.37633133,400.5746155,393.4592896,1501.128418,93.29533386
SG,Wet,3,SG 2-3,7/31/17,212,73,19.67154094,0.552582464,319.0552512,9.985764628,1.870343021,19.98847198,21.36513901,400.5516663,393.4613953,1501.115601,93.29559326
SG,Wet,3,SG 2-3,7/31/17,212,74,19.72662073,0.552109781,318.8376964,9.979882103,1.870664022,19.98773956,21.36205101,400.5741272,393.4678955,1501.148438,93.2955246
SG,Wet,3,SG 2-3,7/31/17,212,75,19.79811567,0.551518819,318.552435,9.971539685,1.870886184,19.98508644,21.35373306,400.5971985,393.4702759,1501.116821,93.29554749
CF,Dry,5,CF 1-5,7/31/17,212,76,12.20733816,0.291071809,311.1404966,7.449552043,2.501850429,23.07856941,19.93549728,401.0308228,397.2349243,1499.80896,93.28949738
CF,Dry,5,CF 1-5,7/31/17,212,77,12.33758629,0.291027189,310.3321673,7.447091889,2.50139687,23.07595062,19.90613365,400.9989624,397.1706543,1499.793091,93.28953552
CF,Dry,5,CF 1-5,7/31/17,212,78,12.50651032,0.291023717,309.336208,7.446033284,2.501067844,23.07404709,19.89153671,401.0014038,397.1309204,1499.801636,93.28923035
CF,Dry,5,CF 1-5,7/31/17,212,79,12.76099714,0.291013429,307.8673166,7.444781011,2.500734761,23.07268524,19.86268234,401.0404663,397.1062622,1499.792236,93.28905487
CF,Dry,5,CF 1-5,7/31/17,212,80,12.93090869,0.290781636,306.8244283,7.438893133,2.500658542,23.07144165,19.83385277,401.0581055,397.0820007,1499.823242,93.28994751
TL,Dry,4,TL 1-4,7/31/17,212,81,11.67096894,0.17535953,270.4551089,4.918764772,2.675328149,23.0498867,18.60076523,399.3277893,395.9189758,1499.361084,93.28490448
TL,Dry,4,TL 1-4,7/31/17,212,82,11.88402113,0.175399702,268.5029003,4.919438043,2.675110397,23.05001068,18.5853672,399.3655396,395.9033203,1499.38916,93.28501129
TL,Dry,4,TL 1-4,7/31/17,212,83,11.87355162,0.175219144,268.5300184,4.914574435,2.675135269,23.05077171,18.55524826,399.4040833,395.9450989,1499.334961,93.28560638
TL,Dry,4,TL 1-4,7/31/17,212,84,12.14306655,0.175152369,266.001718,4.912673835,2.675075084,23.05225754,18.52487564,399.4689026,395.9426575,1499.252808,93.28531647
TL,Dry,4,TL 1-4,7/31/17,212,85,11.71834713,0.175230762,269.9975953,4.913854832,2.674567605,23.05342865,18.47875977,399.3927612,395.9728394,1499.143555,93.28514099
SG,Dry,5,SG 1-5,7/31/17,212,86,15.1778867,0.285513636,291.0776967,6.908550726,2.365311589,22.01794052,19.40498924,399.6907043,394.7606506,1501.031006,93.27887726
SG,Dry,5,SG 1-5,7/31/17,212,87,15.08169174,0.285461675,291.6327444,6.907170074,2.365257542,22.01778793,19.39639664,399.6773682,394.7738953,1500.994629,93.2793808
SG,Dry,5,SG 1-5,7/31/17,212,89,14.6752553,0.285594074,294.0490822,6.909829499,2.365150879,22.01987076,19.37089539,399.5907898,394.7991638,1501.027954,93.27984619
SG,Dry,5,SG 1-5,7/31/17,212,90,14.46129338,0.285652157,295.3029275,6.910981405,2.365099067,22.02123451,19.35383606,399.5307007,394.7977905,1501.072632,93.28005219
SG,Dry,5,SG 1-5,7/31/17,212,91,14.2093649,0.285853046,296.8367229,6.915952653,2.36524189,22.02841759,19.30400848,399.4842529,394.8202209,1501.004395,93.28036499
CF,Deep,5,CF 3-5,7/31/17,212,97,9.220467163,0.139863202,271.102124,4.326512113,2.925214206,24.3890419,19.02482605,399.6660156,396.3811951,1499.860229,93.27352142
CF,Deep,5,CF 3-5,7/31/17,212,98,9.236504946,0.139482269,270.6386725,4.319157233,2.927918459,24.40333939,19.00750732,399.6884155,396.3995972,1499.901733,93.27302551
CF,Deep,5,CF 3-5,7/31/17,212,99,9.187445147,0.139324911,271.0548923,4.319200905,2.931085377,24.42398834,18.98429489,399.6601257,396.3860779,1499.850464,93.27240753
CF,Deep,5,CF 3-5,7/31/17,212,100,9.229367589,0.138961809,270.2637568,4.313702202,2.934705067,24.44444847,18.96243286,399.6531677,396.3671265,1499.995361,93.27202606
CF,Deep,5,CF 3-5,7/31/17,212,101,9.292471864,0.138913915,269.4794256,4.31685583,2.937782097,24.46595001,18.94065857,399.6689758,396.3637085,1500.053345,93.27205658
TL,Deep,3,TL 3-3,7/31/17,212,102,11.77525789,0.20103324,282.2658466,5.586313292,2.666227924,23.43394852,20.23687363,399.8394165,395.2886658,1498.577637,93.27744293
TL,Deep,3,TL 3-3,7/31/17,212,103,11.743463179999999,0.200836205,282.4377117,5.582790134,2.667027903,23.43899918,20.21194458,399.8382263,395.2984009,1498.631714,93.27706146
TL,Deep,3,TL 3-3,7/31/17,212,104,11.72857165,0.200825927,282.5487705,5.58327756,2.66739402,23.44309425,20.18720055,399.8306885,395.2956238,1498.66272,93.27725983
TL,Deep,3,TL 3-3,7/31/17,212,105,11.60470821,0.200626265,283.4231267,5.580854796,2.668767754,23.45506859,20.13866615,399.7585449,395.2644043,1498.613037,93.2776947
TL,Deep,3,TL 3-3,7/31/17,212,106,11.34689328,0.200306855,285.3167639,5.578568644,2.671746461,23.48081207,20.0433197,399.6367798,395.2268372,1498.580566,93.27919769
SG,Deep,3,SG 3-3,7/31/17,212,107,8.338654856,0.132238973,278.5881959,3.759097472,2.688497366,22.54473495,21.3279438,401.3204041,397.8737488,1499.909668,93.27552795
SG,Deep,3,SG 3-3,7/31/17,212,108,8.496249026,0.131794396,276.2689349,3.750520013,2.691084437,22.56606674,21.22585678,401.3181763,397.817688,1499.848999,93.27454376
SG,Deep,3,SG 3-3,7/31/17,212,109,8.950841098,0.131610869,270.5151626,3.747721791,2.692665232,22.58021736,21.15811348,401.4093933,397.7502441,1499.947021,93.27345276
SG,Deep,3,SG 3-3,7/31/17,212,110,8.645604224,0.131436569,274.0634452,3.747135126,2.695655251,22.61014175,21.02389145,401.2835083,397.731842,1499.986816,93.27298737
SG,Deep,3,SG 3-3,7/31/17,212,111,8.505299761,0.131182912,275.4181727,3.744074198,2.698486583,22.63758659,20.89203453,401.0817566,397.5798035,1499.975586,93.27345276
SG,Wet,1,SG 2-1,7/31/17,212,113,16.20608656,0.253401909,272.1333826,6.464112799,2.477590933,22.77743912,20.48217964,400.3711548,393.8000488,1500.380005,93.26338196
SG,Wet,1,SG 2-1,7/31/17,212,114,16.1756191,0.253297983,272.2329978,6.462479068,2.477889214,22.78337479,20.42842674,400.3026123,393.7425232,1500.388428,93.26216888
SG,Wet,1,SG 2-1,7/31/17,212,115,16.12894318,0.253083364,272.3946559,6.458722382,2.478436853,22.78939056,20.37559128,400.2295227,393.686615,1500.451782,93.26242828
SG,Wet,1,SG 2-1,7/31/17,212,116,16.30359698,0.253003794,271.1536449,6.457999042,2.478890769,22.79642105,20.32264519,400.2156372,393.6113586,1500.395386,93.26239777
SG,Wet,1,SG 2-1,7/31/17,212,117,16.73347898,0.252780658,268.1912995,6.454268903,2.479526533,22.8030529,20.27051926,400.2879639,393.5342407,1500.405029,93.26260376
TL,Wet,1,TL 2-1,7/31/17,212,118,14.39152889,0.22324384,272.6621639,5.939765073,2.564920564,23.04044724,18.42856789,400.0847473,395.057312,1500.485474,93.25541687
TL,Wet,1,TL 2-1,7/31/17,212,119,14.5771808,0.223075198,271.2233762,5.936394208,2.565291917,23.04284286,18.41197205,400.1383667,395.055542,1500.461182,93.25489807
TL,Wet,1,TL 2-1,7/31/17,212,120,14.94537058,0.223041478,268.5138539,5.937191096,2.566016331,23.0504303,18.38027191,400.2540588,395.0603943,1500.466797,93.25563049
TL,Wet,1,TL 2-1,7/31/17,212,121,15.00529887,0.223078145,268.0928796,5.938563638,2.566213364,23.05348778,18.3648262,400.2736206,395.0618286,1500.465942,93.25592804
TL,Wet,1,TL 2-1,7/31/17,212,122,14.79395078,0.222762655,269.5218904,5.933903439,2.567672483,23.06435394,18.31825447,400.2489319,395.1012878,1500.437012,93.25702667
CF,Wet,1,CF 2-1,7/31/17,212,123,14.70795114,0.262790157,284.5764966,6.659940122,2.466924614,23.22387886,17.0502739,399.7362671,393.2303467,1500.224976,93.25029755
CF,Wet,1,CF 2-1,7/31/17,212,124,15.1582015,0.262546894,281.5687622,6.659185936,2.46878536,23.23634529,17.038059230000002,399.8113098,393.1366882,1500.26123,93.25059509
CF,Wet,1,CF 2-1,7/31/17,212,125,15.51414378,0.262522662,279.2840634,6.661400771,2.469818061,23.24482918,17.03071976,399.9072876,393.0988464,1500.175415,93.25100708
CF,Wet,1,CF 2-1,7/31/17,212,126,15.73228252,0.262579975,277.9102957,6.664794704,2.470576574,23.2527256,17.0232563,399.9676208,393.0771179,1500.143677,93.25186157
CF,Wet,1,CF 2-1,7/31/17,212,127,15.65170475,0.262041679,278.2669243,6.658393966,2.472930748,23.26584244,17.01337242,399.9953613,393.1362915,1500.074707,93.25087738
CF,Dry,4,CF 1-4,7/31/17,212,128,15.824876099999999,0.320204627,296.0884168,8.118558385,2.492070472,23.57762527,16.87216759,399.571167,394.8074341,1499.517944,93.2469101
CF,Dry,4,CF 1-4,7/31/17,212,129,15.824876099999999,0.320204627,296.0884168,8.118558385,2.492070472,23.57762527,16.87216759,399.571167,394.8074341,1499.517944,93.2469101
CF,Dry,4,CF 1-4,7/31/17,212,130,16.80791062,0.319883591,290.8749028,8.116788027,2.493851475,23.59018707,16.85381699,399.7951965,394.7855225,1499.487427,93.24736786
CF,Dry,4,CF 1-4,7/31/17,212,131,15.6037115,0.318929091,296.8331511,8.109962335,2.498847926,23.62325859,16.80514717,399.4541321,394.7470398,1499.576416,93.2543335
CF,Dry,4,CF 1-4,7/31/17,212,132,15.6653062,0.31868475,296.4106651,8.107252036,2.499794284,23.62896347,16.79671478,399.4303894,394.7082825,1499.586548,93.25447083
TL,Dry,3,TL 1-3,7/31/17,212,133,13.45672267,0.315823558,308.7640227,7.805272258,2.427906411,22.87657166,18.35842514,399.9067078,395.7657776,1500.360229,93.24494171
TL,Dry,3,TL 1-3,7/31/17,212,134,12.82520161,0.315581876,312.0643824,7.800065231,2.428004623,22.87630653,18.34010696,399.7790222,395.7962341,1500.338623,93.24416351
TL,Dry,3,TL 1-3,7/31/17,212,135,12.65410534,0.315975356,313.0116962,7.806697291,2.427236337,22.87502861,18.32158089,399.6995239,395.7586975,1500.388306,93.24367523
TL,Dry,3,TL 1-3,7/31/17,212,136,12.63167544,0.315865432,313.0962784,7.804638375,2.427375233,22.87557411,18.3122673,399.6828003,395.7476807,1500.403442,93.24328613
TL,Dry,3,TL 1-3,7/31/17,212,137,13.36041454,0.315711933,309.1651981,7.800253569,2.427120834,22.87409592,18.28431511,399.7924805,395.6758118,1500.378052,93.24332428
SG,Dry,4,SG 1-4,7/31/17,212,143,8.369029067,0.160253121,290.6988679,5.243013592,3.103726538,26.2167778,17.08114624,399.05896,395.3993225,1501.034302,93.24506378
SG,Dry,4,SG 1-4,7/31/17,212,144,8.283153505,0.160176619,291.5097588,5.241482253,3.104249592,26.21947098,17.0741291,399.0194702,395.3902283,1501.04834,93.2452774
SG,Dry,4,SG 1-4,7/31/17,212,145,8.127608094,0.160106424,293.0433916,5.240139342,3.104775164,26.22225761,17.06759644,398.9763489,395.4018555,1501.074585,93.24575043
SG,Dry,4,SG 1-4,7/31/17,212,146,8.010150642,0.16009561,294.232979,5.241033951,3.105524152,26.22778893,17.05514336,398.956604,395.4233704,1501.055786,93.24660492
SG,Dry,4,SG 1-4,7/31/17,212,147,8.006191726,0.159892105,294.140571,5.237183373,3.107069562,26.235672,17.04107475,398.9292908,395.3981018,1501.080933,93.24777222
CF,Deep,4,CF 3-4,7/31/17,212,148,10.79396834,0.121022257,234.0904721,3.862996573,3.003904438,24.84333229,17.13140297,400.6402893,396.6289978,1500.550659,93.22434235
CF,Deep,4,CF 3-4,7/31/17,212,149,10.79396834,0.121022257,234.0904721,3.862996573,3.003904438,24.84333229,17.13140297,400.6402893,396.6289978,1500.550659,93.22434235
CF,Deep,4,CF 3-4,7/31/17,212,150,10.75006802,0.120946685,234.5634537,3.861812779,3.004804608,24.84884644,17.1195488,400.6107788,396.613739,1500.60022,93.22457886
CF,Deep,4,CF 3-4,7/31/17,212,151,11.11172479,0.120846432,229.6646495,3.861955877,3.007287128,24.86727905,17.07328224,400.7338867,396.6194458,1500.616943,93.22415161
CF,Deep,4,CF 3-4,7/31/17,212,152,11.13737859,0.120830734,229.3165652,3.86218409,3.007846513,24.87148857,17.06220055,400.755127,396.6324158,1500.62146,93.22446442
TL,Deep,2,TL 3-2,7/31/17,212,153,7.980179248,0.129512227,277.2037285,4.369064843,3.177493778,26.2979908,15.43158245,400.3499451,396.9458313,1499.012817,93.22184753
TL,Deep,2,TL 3-2,7/31/17,212,154,8.169160334,0.129565448,274.8779984,4.371147381,3.177742417,26.300354,15.42901325,400.3793335,396.9085388,1499.010132,93.2220459
TL,Deep,2,TL 3-2,7/31/17,212,155,8.209149015,0.129533717,274.3517852,4.370309086,3.177913532,26.30100632,15.427845,400.3841858,396.8995667,1499.011963,93.2228241
TL,Deep,2,TL 3-2,7/31/17,212,156,8.372512936,0.129472065,272.2692828,4.369074589,3.178508001,26.3033886,15.42525482,400.4221497,396.8805542,1499.149536,93.22368622
TL,Deep,2,TL 3-2,7/31/17,212,157,8.41359252,0.129522854,271.8065767,4.370859479,3.178593487,26.30493927,15.42377567,400.4417114,396.8854065,1499.121704,93.22372437
SG,Deep,2,SG 3-2,7/31/17,212,158,11.32423374,0.252366089,306.0163508,6.148900705,2.365608155,22.19109917,15.17745686,400.1504822,395.6741028,1500.13147,93.21670532
SG,Deep,2,SG 3-2,7/31/17,212,159,11.16886619,0.252230413,306.9970452,6.144667495,2.365184733,22.18610573,15.17539883,400.1025696,395.6772156,1500.165161,93.21648407
SG,Deep,2,SG 3-2,7/31/17,212,161,11.35586686,0.2522559,305.7650775,6.140435369,2.363367026,22.17174149,15.16744232,400.1304932,395.6451416,1500.215576,93.21689606
SG,Deep,2,SG 3-2,7/31/17,212,162,11.5226099,0.251587457,304.6138402,6.113435152,2.358942007,22.12867546,15.13387108,400.2866516,395.7492371,1500.143921,93.21593475
SG,Deep,2,SG 3-2,7/31/17,212,163,12.06858423,0.250273932,300.4613474,6.069165878,2.353447401,22.07472801,14.99525547,400.2283936,395.5196228,1500.265381,93.20995331
CF,Deep,3,CF 3-3,8/9/17,221,1,9.139329854,0.154625842,296.5210778,1.30120927,0.793262324,17.75823212,18.07624626,400.8194275,398.696106,1500.11731,92.95079041
CF,Deep,3,CF 3-3,8/9/17,221,2,9.700125396,0.154449236,290.4843724,1.302944675,0.7951885,17.77210236,18.0770874,400.9648132,398.7180481,1500.103516,92.95040131
CF,Deep,3,CF 3-3,8/9/17,221,3,9.812906179,0.153945812,288.9433661,1.301555566,0.796845907,17.78218842,18.07749748,400.9829712,398.7115173,1500.025146,92.9502182
CF,Deep,3,CF 3-3,8/9/17,221,4,9.869852715,0.154171193,288.435411,1.303136872,0.796687242,17.78073502,18.07671928,400.9421082,398.6579285,1500.063232,92.95014191
CF,Deep,3,CF 3-3,8/9/17,221,5,9.738340008,0.153749064,289.5060266,1.298701832,0.796089295,17.77225494,18.075557709999998,400.8594055,398.6045837,1500.049194,92.95021057
TL,Deep,2,TL 3-2,8/9/17,221,6,13.5065513,0.235817677,295.2121523,2.259068404,0.919623322,18.65784073,20.38589668,400.6600952,396.630127,1499.918091,92.94836426
TL,Deep,2,TL 3-2,8/9/17,221,7,13.38294519,0.234880128,295.7134754,2.25883404,0.922993672,18.67979431,20.41308022,400.6365356,396.6412354,1499.875854,92.94824219
TL,Deep,2,TL 3-2,8/9/17,221,8,13.36110861,0.234779749,295.8226719,2.269049039,0.92752334,18.71371841,20.4555912,400.6526184,396.6622925,1499.927002,92.94848633
TL,Deep,2,TL 3-2,8/9/17,221,9,13.23896991,0.232840597,295.9901891,2.265757185,0.933474961,18.7526741,20.49566841,400.7049255,396.749054,1499.925293,92.94904327
TL,Deep,2,TL 3-2,8/9/17,221,10,13.09720517,0.232806308,297.0202468,2.274997335,0.937393278,18.78215981,20.53399658,400.7235413,396.806488,1499.981567,92.9491272
SG,Deep,3,SG 3-3,8/9/17,221,11,8.527825919,0.127248256,281.5263305,1.62678036,1.197070685,19.85711098,23.6184063,401.1213074,398.5536804,1499.157593,92.94863129
SG,Deep,3,SG 3-3,8/9/17,221,12,8.454534954,0.127403099,282.6134395,1.628083845,1.196622882,19.85361862,23.62320328,401.1231995,398.5759583,1499.163208,92.94895172
SG,Deep,3,SG 3-3,8/9/17,221,13,8.367683917,0.12715076,283.5108465,1.62587811,1.197297008,19.85601807,23.63398361,401.1002197,398.5775452,1499.19043,92.94852448
SG,Deep,3,SG 3-3,8/9/17,221,14,8.380523988,0.126777587,283.0025232,1.624151667,1.199434132,19.86783028,23.64342499,401.0786743,398.5525513,1499.302734,92.94843292
SG,Deep,3,SG 3-3,8/9/17,221,15,8.727082919,0.127023027,278.7317615,1.632889173,1.203590219,19.8960247,23.66997719,401.1549683,398.5309753,1499.288208,92.94789124
CF,Dry,5,CF 1-5,8/9/17,221,16,20.7707421,0.223185083,235.1792992,2.859778713,1.223095685,20.53626442,22.88189507,401.4954224,397.1170654,1499.498779,92.94087982
CF,Dry,5,CF 1-5,8/9/17,221,17,20.54782917,0.223426967,236.9743443,2.865239941,1.224160696,20.54644966,22.8784008,401.4465637,397.1122131,1499.509155,92.94104767
CF,Dry,5,CF 1-5,8/9/17,221,18,20.11472304,0.222574722,239.6250037,2.859531348,1.226163781,20.55834007,22.8741684,401.3691101,397.1217957,1499.615845,92.94082642
CF,Dry,5,CF 1-5,8/9/17,221,19,19.72340193,0.222985093,242.7718184,2.865895298,1.22673668,20.56566238,22.8669281,401.2825928,397.1130676,1499.632568,92.941185
CF,Dry,5,CF 1-5,8/9/17,221,20,19.05139339,0.223084176,247.8212835,2.868660513,1.227395784,20.57237244,22.85858727,401.1702881,397.1348267,1499.668213,92.94124603
TL,Dry,6,TL 1-6,8/9/17,221,21,10.02306141,0.226217493,314.8612797,2.817406509,1.19273348,20.25219917,24.18886757,399.9178162,396.3557434,1500.229126,92.94508362
TL,Dry,6,TL 1-6,8/9/17,221,22,9.88051875,0.226504865,315.9831915,2.823227463,1.193748125,20.2613945,24.1931057,399.870575,396.353302,1500.230957,92.94496155
TL,Dry,6,TL 1-6,8/9/17,221,23,9.949127474,0.226190558,315.3474323,2.820407636,1.19413303,20.26067543,24.20133781,399.855957,396.3171692,1500.204712,92.94515228
TL,Dry,6,TL 1-6,8/9/17,221,24,9.920633467,0.22557431,315.3541584,2.814564735,1.194750585,20.26136017,24.20560074,399.8379211,396.3089294,1500.236572,92.94521332
TL,Dry,6,TL 1-6,8/9/17,221,25,9.975568153,0.225732494,314.9927529,2.817371928,1.195133671,20.26373482,24.21378708,399.8505249,396.3037109,1500.26062,92.94439697
SG,Dry,4,SG 1-4,8/9/17,221,26,12.5344192,0.389523013,333.5583659,4.594389283,1.167748466,20.79727554,24.59882736,400.0730896,396.3431702,1500.31958,92.94624329
SG,Dry,4,SG 1-4,8/9/17,221,27,12.5921264,0.389867316,333.3372666,4.597692418,1.167645832,20.7968483,24.60146904,400.0734253,396.328186,1500.320679,92.94657898
SG,Dry,4,SG 1-4,8/9/17,221,28,12.49617057,0.389410339,333.7255518,4.594832277,1.168175615,20.79883766,24.60442543,400.0809631,396.3608093,1500.346069,92.94662476
SG,Dry,4,SG 1-4,8/9/17,221,29,12.64503961,0.389043859,333.018411,4.592950431,1.168716618,20.80092621,24.61086655,400.1153564,396.35672,1500.319946,92.94750214
SG,Dry,4,SG 1-4,8/9/17,221,30,12.73215293,0.389251973,332.6249149,4.599643991,1.169857463,20.81010437,24.62162781,400.1053467,396.3233032,1500.32373,92.94904327
CF,Wet,2,CF 2-2,8/9/17,221,31,14.05908217,0.374960627,325.0053817,4.72238914,1.241395116,21.1301403,24.87550354,400.5828857,397.0796814,1499.975952,92.95271301
CF,Wet,2,CF 2-2,8/9/17,221,32,14.26029964,0.375278431,324.1254014,4.728483079,1.24202368,21.13711929,24.87590981,400.61026,397.0623474,1499.952881,92.95298004
CF,Wet,2,CF 2-2,8/9/17,221,33,14.3517762,0.375365104,323.7194628,4.727408436,1.241482938,21.13234329,24.87582207,400.6201782,397.0522461,1499.917358,92.95304871
CF,Wet,2,CF 2-2,8/9/17,221,34,14.50109144,0.377500247,323.4003301,4.743548643,1.239233819,21.12334251,24.87615013,400.6495361,397.0473633,1499.880859,92.953125
CF,Wet,2,CF 2-2,8/9/17,221,35,13.65581014,0.373053402,326.5530576,4.703285787,1.242226678,21.12451363,24.8762188,400.5169067,397.1039734,1499.830933,92.95383453
TL,Wet,2,TL 2-2,8/9/17,221,36,9.990476433,0.155478196,283.3077915,2.247082326,1.361688122,20.76013947,25.00465584,400.6506653,397.3878479,1499.202393,92.95246124
TL,Wet,2,TL 2-2,8/9/17,221,37,9.804984707,0.155660906,285.3966189,2.253473046,1.363996245,20.77821922,25.01872253,400.6380005,397.4299927,1499.108643,92.95270538
TL,Wet,2,TL 2-2,8/9/17,221,38,9.936653628,0.153963482,282.8719656,2.241000374,1.370836424,20.81093597,25.08341026,400.6837158,397.4377747,1498.868286,92.95262909
TL,Wet,2,TL 2-2,8/9/17,221,39,9.865810673,0.154043015,283.6691607,2.243242481,1.371520563,20.81583786,25.08941078,400.6620483,397.4370728,1498.868408,92.95277405
TL,Wet,2,TL 2-2,8/9/17,221,40,10.06021371,0.154766929,282.0478567,2.260459755,1.375762684,20.84829903,25.12436104,400.6985168,397.413208,1498.718628,92.9522934
SG,Wet,4,SG 2-4,8/9/17,221,46,16.45583685,0.123971438,171.6895472,1.61656616,1.221167215,19.85999298,20.03973961,400.458313,395.3330078,1499.948242,92.9500351
SG,Wet,4,SG 2-4,8/9/17,221,47,16.19145927,0.123761277,174.8214351,1.608598046,1.217180672,19.83131981,19.99217796,400.382843,395.337616,1499.945435,92.94976044
SG,Wet,4,SG 2-4,8/9/17,221,48,16.21595677,0.123048451,173.2507554,1.59746526,1.215575777,19.81754112,19.94583511,400.331665,395.2806091,1500.016357,92.94943237
SG,Wet,4,SG 2-4,8/9/17,221,49,16.60928436,0.122416407,166.933476,1.585218904,1.212339404,19.79132652,19.89892197,400.4008484,395.2335205,1499.983398,92.94934845
SG,Wet,4,SG 2-4,8/9/17,221,50,16.88635066,0.122183391,162.888858,1.57776125,1.208896488,19.76661873,19.85330391,400.5087585,395.2591553,1500.066406,92.94910431
CF,Deep,4,CF 3-4,8/9/17,221,51,14.51062379,0.262436681,296.8571001,3.234019648,1.188671839,19.99649811,24.16461372,401.1209106,397.0171814,1498.821411,92.95388031
CF,Deep,4,CF 3-4,8/9/17,221,52,14.57309851,0.262865083,296.6030643,3.238800304,1.188597305,19.99764442,24.16943359,401.1358643,397.0154419,1498.80542,92.95386505
CF,Deep,4,CF 3-4,8/9/17,221,53,14.60303702,0.257805601,294.6953905,3.204035707,1.197565627,20.03790474,24.21596146,401.2047424,397.0800476,1498.820068,92.95341492
CF,Deep,4,CF 3-4,8/9/17,221,54,14.16517855,0.25604306,296.9778824,3.193690555,1.201448791,20.05835915,24.23953629,401.1729126,397.1629944,1498.78772,92.95413971
CF,Deep,4,CF 3-4,8/9/17,221,55,14.06660967,0.25511846,297.245749,3.191285855,1.204632619,20.07904053,24.2519989,401.1088867,397.1249084,1498.764404,92.95394897
TL,Deep,6,TL 3-6,8/9/17,221,56,9.742466605,0.165976207,291.1163481,2.460778839,1.39966335,21.00238419,24.86426926,399.5045776,396.5053711,1498.793579,92.95446014
TL,Deep,6,TL 3-6,8/9/17,221,57,9.837375276,0.165751482,290.0427778,2.461834005,1.4020780879999999,21.01779938,24.87891579,399.5323792,396.5065308,1498.730957,92.95477295
TL,Deep,6,TL 3-6,8/9/17,221,58,9.89115901,0.165456872,289.364176,2.459411589,1.403090192,21.02262306,24.88619614,399.5727844,396.5321655,1498.70752,92.95449066
TL,Deep,6,TL 3-6,8/9/17,221,59,9.974171092,0.164828906,288.1967951,2.457618596,1.407182075,21.04742813,24.90068054,399.6356506,396.5720215,1498.59436,92.95439148
TL,Deep,6,TL 3-6,8/9/17,221,60,10.05424993,0.16436235,287.0973456,2.455659586,1.40988248,21.06346893,24.91540337,399.640625,396.5546875,1498.590332,92.954216
SG,Deep,1,SG 3-1,8/9/17,221,61,11.63996578,0.1068063,212.933234,1.317279618,1.150491626,19.28886414,19.01186562,399.9444885,397.0274353,1500.939575,92.95603943
SG,Deep,1,SG 3-1,8/9/17,221,62,11.84619204,0.107652032,211.1536414,1.323129338,1.146756875,19.26314735,19.02097702,399.9348755,396.967804,1501.019897,92.95595551
SG,Deep,1,SG 3-1,8/9/17,221,63,12.12338919,0.108065162,207.6208486,1.324389855,1.143582254,19.23963737,19.03235626,399.9319153,396.8982239,1501.087158,92.95578003
SG,Deep,1,SG 3-1,8/9/17,221,64,12.39577833,0.110452486,207.4476599,1.346301883,1.138003719,19.20698547,19.05942154,399.9436646,396.8425598,1501.179688,92.95591736
SG,Deep,1,SG 3-1,8/9/17,221,65,12.5883728,0.110650073,204.9120118,1.348136488,1.137568175,19.20365334,19.07712555,399.9499207,396.8024597,1501.178711,92.95574188
CF,Dry,2,CF 1-2,8/9/17,221,66,9.916512283,0.200460677,308.5854099,2.495848664,1.184276425,19.89664459,21.60385513,400.4650879,398.0667114,1499.518188,92.95365906
CF,Dry,2,CF 1-2,8/9/17,221,67,9.971427925,0.200296594,308.064784,2.494080513,1.18436502,19.89683151,21.60411644,400.4717712,398.0614929,1499.498657,92.95368958
CF,Dry,2,CF 1-2,8/9/17,221,68,10.0563341,0.19993903,307.1914917,2.49104094,1.184943059,19.89871597,21.60510826,400.4590454,398.030304,1499.542236,92.95354462
CF,Dry,2,CF 1-2,8/9/17,221,69,10.08990171,0.200079485,306.9751986,2.493317576,1.185225749,19.90189552,21.60633087,400.4720764,398.0357361,1499.545044,92.9535141
CF,Dry,2,CF 1-2,8/9/17,221,70,10.09684545,0.199847983,306.8425519,2.491506793,1.185678052,19.90458679,21.60791969,400.4936829,398.0559387,1499.531006,92.95374298
TL,Dry,2,TL 1-2,8/9/17,221,71,14.81873998,0.162138951,237.4402756,2.169508642,1.263557202,20.37759209,21.78940201,400.4061584,395.3927307,1500.071167,92.95077515
TL,Dry,2,TL 1-2,8/9/17,221,72,14.73106029,0.161773617,238.0057056,2.164986749,1.26366165,20.37514687,21.79347992,400.3851624,395.4002686,1500.029541,92.95022583
TL,Dry,2,TL 1-2,8/9/17,221,73,14.82402992,0.161607747,236.9018635,2.163054852,1.263785668,20.37423134,21.79658127,400.3988953,395.3843994,1500.080933,92.95038605
TL,Dry,2,TL 1-2,8/9/17,221,74,14.67978253,0.160665783,237.5326054,2.153470506,1.265284484,20.37960434,21.79789352,400.3760376,395.408905,1500.096802,92.95018005
TL,Dry,2,TL 1-2,8/9/17,221,75,14.67562225,0.161491975,238.3149955,2.162235603,1.264169303,20.37618065,21.79791832,400.3696899,395.4030762,1500.217041,92.94980621
SG,Dry,2,SG 1-2,8/9/17,221,76,16.38116061,0.203050548,256.1463575,2.339570605,1.096997724,19.3644352,19.88284874,400.2758789,396.4706421,1499.304565,92.94608307
SG,Dry,2,SG 1-2,8/9/17,221,77,16.65174018,0.202701572,253.6916667,2.336631114,1.097421139,19.36676025,19.8784771,400.2992249,396.4351196,1499.209106,92.9460144
SG,Dry,2,SG 1-2,8/9/17,221,78,16.6632118,0.201691722,252.9498843,2.325987766,1.097654946,19.36377144,19.87574768,400.3061218,396.4403992,1499.15625,92.94586945
SG,Dry,2,SG 1-2,8/9/17,221,79,16.84897044,0.201591423,251.3521589,2.324167466,1.097324177,19.36043358,19.86937332,400.3282776,396.4220581,1499.172729,92.9460907
SG,Dry,2,SG 1-2,8/9/17,221,80,16.93850438,0.201075886,250.2990251,2.316425462,1.096370031,19.3511467,19.86062241,400.3614807,396.4361877,1499.162598,92.94701385
CF,Wet,5,CF 2-5,8/9/17,221,81,7.849382157,0.095796905,257.1852927,1.386289397,1.345084196,20.63690567,20.35630226,400.4455261,398.4303894,1499.099121,92.9582901
CF,Wet,5,CF 2-5,8/9/17,221,82,8.007625213,0.095079585,253.5114158,1.374700594,1.343708692,20.62455177,20.33132172,400.4577637,398.4057922,1499.094116,92.95862579
CF,Wet,5,CF 2-5,8/9/17,221,83,8.01677816,0.095146636,253.4636405,1.374347978,1.342439508,20.61690521,20.31838799,400.4661255,398.4120178,1499.103516,92.95814514
CF,Wet,5,CF 2-5,8/9/17,221,84,8.15210309,0.094805054,250.6889471,1.36615008,1.339155889,20.59527016,20.26723862,400.4826965,398.3970032,1499.080444,92.95748138
CF,Wet,5,CF 2-5,8/9/17,221,85,8.095040212,0.094123533,250.6964339,1.354914925,1.337575077,20.58208275,20.24205208,400.4753113,398.4043579,1499.052368,92.95767212
TL,Wet,1,TL 2-1,8/9/17,221,86,13.99588602,0.110674807,183.1156664,1.37907622,1.16398008,19.57794571,18.62813377,400.4641113,395.8137207,1499.247437,92.95606995
TL,Wet,1,TL 2-1,8/9/17,221,87,14.03865439,0.110607802,182.379068,1.375836536,1.161942942,19.56351089,18.60766411,400.4778442,395.8141479,1499.217651,92.95587921
TL,Wet,1,TL 2-1,8/9/17,221,88,14.23030379,0.110525699,179.3951773,1.37062093,1.158392965,19.53891754,18.56620407,400.492218,395.7678528,1499.197021,92.95527649
TL,Wet,1,TL 2-1,8/9/17,221,89,14.24313479,0.109744578,177.736439,1.360363149,1.157704638,19.53062439,18.54554939,400.4732361,395.7461548,1499.180298,92.95497131
TL,Wet,1,TL 2-1,8/9/17,221,90,14.18783557,0.109633289,178.2999277,1.354986429,1.154294556,19.50695038,18.50614738,400.3922424,395.6835938,1499.175537,92.95508575
SG,Wet,6,SG 2-6,8/9/17,221,91,18.70443329,0.412947385,311.5470621,4.185738036,1.008799117,19.57346153,22.530159,400.8500061,395.9662781,1499.929443,92.95082855
SG,Wet,6,SG 2-6,8/9/17,221,92,18.87888606,0.413801979,310.9306745,4.191744299,1.008332596,19.57265663,22.53117752,400.8453979,395.9196472,1499.902832,92.95024872
SG,Wet,6,SG 2-6,8/9/17,221,93,18.75436216,0.412101901,311.1475477,4.179274435,1.00913109,19.57285309,22.53356171,400.817688,395.9229736,1499.912231,92.95079803
SG,Wet,6,SG 2-6,8/9/17,221,94,18.6793832,0.411141251,311.2838596,4.173353914,1.00984998,19.57520485,22.53520775,400.7965393,395.9203491,1499.902466,92.95045471
SG,Wet,6,SG 2-6,8/9/17,221,95,18.78940996,0.410627304,310.699024,4.170038634,1.010206285,19.5763855,22.53972816,400.7881165,395.8858948,1499.874512,92.95085144
CF,Deep,6,CF 3-6,8/9/17,221,96,12.69305447,0.309251921,320.1094117,4.278805478,1.344765182,21.53206253,25.85567093,401.2342224,398.0690613,1498.42627,92.9553299
CF,Deep,6,CF 3-6,8/9/17,221,97,12.54876085,0.310285561,321.1503215,4.286155725,1.342884352,21.52124786,25.86079407,401.237854,398.1036682,1498.529907,92.95485687
CF,Deep,6,CF 3-6,8/9/17,221,98,12.76156687,0.309087544,319.744427,4.271163212,1.343042694,21.51454163,25.8652935,401.27948,398.099823,1498.94812,92.95494843
CF,Deep,6,CF 3-6,8/9/17,221,99,12.58890365,0.308131661,320.5684189,4.262389778,1.344170214,21.51678085,25.87511253,401.3384399,398.1976318,1499.475952,92.95514679
CF,Deep,6,CF 3-6,8/9/17,221,100,12.58890365,0.308131661,320.5684189,4.262389778,1.344170214,21.51678085,25.87511253,401.3384399,398.1976318,1499.475952,92.95514679
TL,Deep,5,TL 3-5,8/9/17,221,101,14.55761414,0.223917788,279.6205171,3.266013409,1.394533407,21.46984673,25.46375275,401.233429,396.48101809999997,1499.130493,92.95322418
TL,Deep,5,TL 3-5,8/9/17,221,102,14.6195528,0.224246507,279.3367629,3.270261435,1.394400678,21.47099304,25.465765,401.2738647,396.5022278,1499.089355,92.95323944
TL,Deep,5,TL 3-5,8/9/17,221,103,14.58514775,0.22367786,279.3194582,3.265614101,1.395780514,21.47725868,25.46739769,401.262085,396.5012207,1499.131348,92.95350647
TL,Deep,5,TL 3-5,8/9/17,221,104,14.51115496,0.222346637,279.2753529,3.253143815,1.398352198,21.48733139,25.47104454,401.278717,396.5414734,1499.121948,92.95353699
TL,Deep,5,TL 3-5,8/9/17,221,105,14.45355352,0.22266067,279.8541297,3.257625956,1.398403318,21.48901939,25.4724102,401.2686157,396.5482178,1499.169434,92.95375061
SG,Deep,2,SG 3-2,8/9/17,221,106,15.58477228,0.296219693,300.0011018,4.080331807,1.33610974,21.37662888,25.31819153,401.2211914,397.0947266,1499.233887,92.95430756
SG,Deep,2,SG 3-2,8/9/17,221,107,15.42135785,0.29739819,301.283838,4.09388028,1.335566522,21.37917519,25.31905937,401.2147217,397.1261597,1499.268921,92.95435333
SG,Deep,2,SG 3-2,8/9/17,221,108,15.57277579,0.297294464,300.3846901,4.092737275,1.335631053,21.37919044,25.32002449,401.2317505,397.1071777,1499.223389,92.95443726
SG,Deep,2,SG 3-2,8/9/17,221,109,15.76356638,0.297939999,299.4552178,4.098972702,1.334956247,21.37732697,25.32099915,401.2346191,397.0637817,1499.219971,92.95467377
SG,Deep,2,SG 3-2,8/9/17,221,110,15.95985489,0.298533135,298.5320254,4.108132756,1.33544643,21.38423729,25.32511139,401.2955933,397.0770569,1499.178711,92.95493317
CF,Dry,1,CF 1-1,8/9/17,221,111,16.51235716,0.272878275,287.942874,3.602665037,1.274221142,20.79195976,24.29788017,401.3575439,397.4123535,1500.273438,92.94848633
CF,Dry,1,CF 1-1,8/9/17,221,112,16.40952398,0.273352805,288.7546719,3.607214072,1.273746331,20.79049492,24.29817581,401.3522949,397.4290466,1500.271362,92.94858551
CF,Dry,1,CF 1-1,8/9/17,221,113,15.87208989,0.271618175,291.4894107,3.587868475,1.27454936,20.78792572,24.29866409,401.2868347,397.4836121,1500.342407,92.94932556
CF,Dry,1,CF 1-1,8/9/17,221,114,16.088237,0.27141738,290.0608153,3.586729508,1.275029292,20.79031181,24.29914856,401.3016052,397.4509888,1500.339355,92.94918823
CF,Dry,1,CF 1-1,8/9/17,221,115,15.71716424,0.271317206,292.3364532,3.586429934,1.275361958,20.79294395,24.29917526,401.2568054,397.4879761,1500.282471,92.94907379
TL,Dry,5,TL 1-5,8/9/17,221,1,18.84692952,0.272854137,270.1900264,2.963245675,1.052492765,19.64375114,18.40616608,399.6513672,392.8517456,1499.671631,92.94797516
TL,Dry,5,TL 1-5,8/9/17,221,2,18.93870899,0.273125064,269.7218356,2.963819016,1.051720462,19.63930321,18.39881134,399.6627197,392.8321228,1499.675171,92.94810486
TL,Dry,5,TL 1-5,8/9/17,221,3,18.99017452,0.272271028,269.0238144,2.952924624,1.050952401,19.62886238,18.38380051,399.6367798,392.7900085,1499.65564,92.94822693
TL,Dry,5,TL 1-5,8/9/17,221,4,19.2343503,0.272187853,267.4410442,2.949414399,1.050011462,19.6212616,18.36865234,399.6639404,392.7348633,1499.594971,92.94824219
TL,Dry,5,TL 1-5,8/9/17,221,5,19.44314738,0.271999068,266.0252377,2.944831976,1.049066346,19.61298561,18.35481262,399.6733398,392.6740723,1499.622925,92.94786072
SG,Dry,1,SG 1-1,8/9/17,221,1,17.1823194,0.369938579,308.5603986,3.892083496,1.039263564,19.5134697,23.07644844,399.8410034,394.6033325,1500.030151,92.94970703
SG,Dry,1,SG 1-1,8/9/17,221,2,17.1823194,0.369938579,308.5603986,3.892083496,1.039263564,19.5134697,23.07644844,399.8410034,394.6033325,1500.030151,92.94970703
SG,Dry,1,SG 1-1,8/9/17,221,3,17.06056699,0.369478721,309.0411662,3.890121597,1.039930712,19.51739311,23.07903099,399.8232727,394.619873,1500.022827,92.94994354
SG,Dry,1,SG 1-1,8/9/17,221,4,17.06121495,0.370093334,309.1588284,3.894150257,1.039415595,19.51540947,23.08135223,399.8196411,394.6156006,1500.049072,92.94995117
SG,Dry,1,SG 1-1,8/9/17,221,5,17.10938219,0.370202141,308.9563916,3.894245896,1.039163891,19.51363754,23.08338547,399.8288574,394.6112976,1500.023926,92.95024109
CF,Wet,3,CF 2-3,8/9/17,221,11,8.340940002,0.083924946,228.2967112,1.220256412,1.348139476,20.51387405,20.73828697,399.5915222,397.2982788,1500.941772,92.9521637
CF,Wet,3,CF 2-3,8/9/17,221,12,8.508727331,0.084602536,226.3619513,1.227660794,1.345672117,20.50162125,20.72235298,399.6159363,397.2783813,1500.954224,92.95184326
CF,Wet,3,CF 2-3,8/9/17,221,13,8.42529442,0.084310642,227.4244311,1.222377316,1.34444492,20.49226379,20.70707703,399.6100769,397.2947388,1500.953613,92.95200348
CF,Wet,3,CF 2-3,8/9/17,221,14,8.388043439,0.08429926,228.1318789,1.220949963,1.343062058,20.48363686,20.69127846,399.6115417,397.3060303,1500.96814,92.95191193
CF,Wet,3,CF 2-3,8/9/17,221,15,8.46084477,0.083454147,225.1282497,1.207806983,1.341814874,20.47197914,20.65972328,399.6137695,397.2907715,1500.958862,92.95163727
TL,Wet,5,TL 2-5,8/9/17,221,16,18.76449845,0.314215826,286.9984742,3.190403321,0.991527739,19.13498688,19.92463684,399.9030457,394.2998657,1499.057861,92.94893646
TL,Wet,5,TL 2-5,8/9/17,221,17,18.76449845,0.314215826,286.9984742,3.190403321,0.991527739,19.13498688,19.92463684,399.9030457,394.2998657,1499.057861,92.94893646
TL,Wet,5,TL 2-5,8/9/17,221,18,18.81219403,0.313591854,286.5677074,3.185051016,0.991702373,19.13340187,19.92611122,399.9309082,394.3150635,1499.070923,92.94895172
TL,Wet,5,TL 2-5,8/9/17,221,19,18.75044618,0.314144161,287.1011796,3.187100576,0.990716251,19.1274662,19.92744827,399.9433289,394.3448486,1499.039673,92.94890594
TL,Wet,5,TL 2-5,8/9/17,221,20,18.68785275,0.314813373,287.6306183,3.191862248,0.990231459,19.12607384,19.92850494,399.9164429,394.335022,1499.032593,92.94901276
SG,Wet,1,SG 2-1,8/9/17,221,21,13.18804167,0.248627091,299.8654714,2.831987,1.096718381,19.48146057,22.68949699,399.8412476,395.5515137,1500.583008,92.94710541
SG,Wet,1,SG 2-1,8/9/17,221,22,13.28342767,0.248497375,299.1585758,2.83129325,1.096990925,19.48260117,22.693367,399.8461609,395.5279236,1500.602173,92.94720459
SG,Wet,1,SG 2-1,8/9/17,221,23,13.40508154,0.248745481,298.418843,2.83496808,1.097373973,19.487277980000002,22.69686127,399.874054,395.51898190000003,1500.620605,92.94714355
SG,Wet,1,SG 2-1,8/9/17,221,24,13.33643928,0.248616903,298.8396106,2.83502341,1.09793089,19.48997879,22.70379829,399.8630371,395.5284119,1500.629883,92.94721985
SG,Wet,1,SG 2-1,8/9/17,221,25,13.51165898,0.248623415,297.638884,2.837847566,1.09899462,19.49791527,22.71829605,399.8905334,395.5031433,1500.662476,92.94760132
